user_id,username,referral_count,balance,solana_address,verification_complete,joined_at
7093793454,king22401,21,43000,2pMBV8Ak62xk9ECbLLJM6sWPMoyJgDSq91W7EXPvr7ZS,True,2025-02-10T00:55:45.017123
1973565455,Boombetian,4,9000,Abdodhsbwk,True,2025-02-10T00:58:54.444274
7834882030,,1,3000,Figichoohcpvuhpvpvhchoohvog,True,2025-02-09T19:47:29.225322
8135542016,,0,1000,7Kw19aDXhsDfRaqPkVJLhEv69ToV2RoZbViHjHVeLgUf,True,2025-02-09T21:35:26.917667
6079877568,Billyx100,0,1000,62gNu8X7yHaJKyRTecrpjhJ31DRGBCXdySkDgSdya8se,True,2025-02-10T01:12:48.163251
6808264502,Ahjsjsnsnd,1,3000,iPUCUhmkormUGptHyq42qNszkAgs57KVoj8oe86Pp4w,True,2025-02-10T01:13:20.037559
5058777105,Fidelis2210,0,1000,Gsh6Bah4zBz8KDhq44sQNU1yN14Kos9svArPFZuFCy58,True,2025-02-10T01:18:53.413742
7877335959,Gibsonudo,0,0,,False,2025-02-10T01:19:58.338520
7283416602,Micrpt,0,1000,DEcBLtrqFYE7UMAfx5DXz3bWQnnnaCTsguJcvwtaygtF,True,2025-02-10T02:13:24.086384
7710184706,King2220001,0,1000,Abx,True,2025-02-10T07:39:27.825397
6483465950,MALIKMUMBAAIII9,0,0,,False,2025-02-10T07:41:33.654191
697186567,,0,0,,False,2025-02-10T07:41:46.585017
1983522801,shhyamba,0,0,,False,2025-02-10T09:05:47.729951
6048752891,Anomixx,0,1000,Fj5xMVCn38wfwebtfkTeD466LdrbajmD6BE7JX6Pw2eX,True,2025-02-10T09:08:27.295044
1361345099,,0,0,,False,2025-02-10T09:08:55.579705
5442024554,Hzhsusjskks,0,0,,False,2025-02-10T09:10:23.521473
5388935890,Overblackmoney69,0,1000,E1BKpXu6w5ueCQsK3hMY56Uoji95tmxkxyrAdKeqqft4,True,2025-02-10T09:20:08.733124
1258516145,,0,0,,False,2025-02-10T09:22:05.228019
6785443449,myrta50734560185,0,0,,False,2025-02-10T09:23:17.831626
6157975179,,0,0,,False,2025-02-10T09:23:18.746649
6362368572,,0,0,,False,2025-02-10T09:23:19.624381
6085918867,LucilleDavis6191,0,0,,False,2025-02-10T09:23:20.353360
7874652274,Johnson93116,0,0,,False,2025-02-10T09:23:21.163472
6638159473,,0,0,,False,2025-02-10T09:23:21.881210
6627661230,,0,0,,False,2025-02-10T09:23:22.595843
6165995883,,0,0,,False,2025-02-10T09:23:23.296538
6033009315,,0,0,,False,2025-02-10T09:23:24.005054
7959729917,,0,0,,False,2025-02-10T09:23:24.721389
7295599166,,0,0,,False,2025-02-10T09:23:25.474323
6287937108,,0,0,,False,2025-02-10T09:23:26.197429
6065631756,,0,0,,False,2025-02-10T09:23:26.953299
5632486519,MelanieMcdaniels2832,0,0,,False,2025-02-10T09:23:27.666052
7717407760,,0,0,,False,2025-02-10T09:23:28.377946
6167167694,,0,0,,False,2025-02-10T09:23:29.159462
6126796834,,0,0,,False,2025-02-10T09:23:29.868171
7784551439,,0,0,,False,2025-02-10T09:23:30.619083
6035713376,,0,0,,False,2025-02-10T09:23:31.402995
6679061049,,0,0,,False,2025-02-10T09:23:32.243581
1593285076,elina10860008371,0,0,,False,2025-02-10T09:23:32.943240
2035707507,tamela4628284434,0,0,,False,2025-02-10T09:23:33.649573
7950689896,,0,0,,False,2025-02-10T09:23:34.374881
7948022867,,0,0,,False,2025-02-10T09:23:35.087567
6106406188,,0,0,,False,2025-02-10T09:23:35.816437
7810142341,,0,0,,False,2025-02-10T09:23:36.536756
6260782760,,0,0,,False,2025-02-10T09:23:37.331134
6371186839,,0,0,,False,2025-02-10T09:23:38.031817
5960422416,,0,0,,False,2025-02-10T09:23:38.780895
8192299950,,0,0,,False,2025-02-10T09:23:39.657809
7650273251,,0,0,,False,2025-02-10T09:23:40.521817
6272172266,,0,0,,False,2025-02-10T09:23:41.244104
6193800320,,0,0,,False,2025-02-10T09:23:41.998470
7405889107,,0,0,,False,2025-02-10T09:23:42.687666
7661195345,,0,0,,False,2025-02-10T09:23:43.413700
7960941339,Gousough03424,0,0,,False,2025-02-10T09:23:44.183494
823658024,AndreaGray6798,0,0,,False,2025-02-10T09:23:44.881289
5622535869,,0,0,,False,2025-02-10T09:23:45.602283
6375113040,,0,0,,False,2025-02-10T09:23:46.314141
6122011978,,0,0,,False,2025-02-10T09:23:47.017983
1194426763,alease6244278277,0,0,,False,2025-02-10T09:23:47.829610
5986108075,,0,0,,False,2025-02-10T09:23:48.699379
5023758477,,0,0,,False,2025-02-10T09:23:49.441741
6118792071,,0,0,,False,2025-02-10T09:23:50.184243
6315899886,,0,0,,False,2025-02-10T09:23:50.912025
8198829388,Miller26807,0,0,,False,2025-02-10T09:23:51.689020
6142150219,,0,0,,False,2025-02-10T09:23:52.471475
5828135421,,0,0,,False,2025-02-10T09:23:53.314308
7612940982,,0,0,,False,2025-02-10T09:23:54.296636
6073148463,,0,0,,False,2025-02-10T09:23:55.073593
6163056958,,0,0,,False,2025-02-10T09:23:55.771714
6345683008,,0,0,,False,2025-02-10T09:23:56.648446
6315734242,,0,0,,False,2025-02-10T09:23:57.347675
6357447486,,0,0,,False,2025-02-10T09:23:58.082618
1273792765,RubyKing1156,0,0,,False,2025-02-10T09:23:58.766722
6230977232,,0,0,,False,2025-02-10T09:23:59.438148
8068825595,,0,0,,False,2025-02-10T09:24:00.124360
5728874066,,0,0,,False,2025-02-10T09:24:00.820240
6080223974,,0,0,,False,2025-02-10T09:24:01.552803
7781253572,,0,0,,False,2025-02-10T09:24:02.367031
7774713843,,0,0,,False,2025-02-10T09:24:03.094131
5687193756,,0,0,,False,2025-02-10T09:24:03.811732
5749172983,,0,0,,False,2025-02-10T09:24:04.523431
7633443247,,0,0,,False,2025-02-10T09:24:05.220029
8060921525,,0,0,,False,2025-02-10T09:24:05.925469
6366604313,,0,0,,False,2025-02-10T09:24:06.635645
7493837827,,0,0,,False,2025-02-10T09:24:07.334237
8032450929,,0,0,,False,2025-02-10T09:24:08.104240
5817818950,,0,0,,False,2025-02-10T09:24:08.802222
6161048914,,0,0,,False,2025-02-10T09:24:09.518973
7904997624,,0,0,,False,2025-02-10T09:24:10.225482
814692542,MichaelCarper8621,0,0,,False,2025-02-10T09:24:10.933618
1036930242,JamesOverton3863,0,0,,False,2025-02-10T09:24:11.651983
7708469122,,0,0,,False,2025-02-10T09:24:12.347452
1919903825,sheryl1276371554,0,0,,False,2025-02-10T09:24:13.109330
1109576546,dewey06635287,0,0,,False,2025-02-10T09:24:13.811992
6361321502,,0,0,,False,2025-02-10T09:24:14.540990
6150872976,FrancesPowell1077,0,0,,False,2025-02-10T09:24:15.263604
7551279230,,0,0,,False,2025-02-10T09:24:15.970109
5830641430,,0,0,,False,2025-02-10T09:24:16.758135
6263338811,,0,0,,False,2025-02-10T09:24:17.630107
5446423397,DavidWashington9658,0,0,,False,2025-02-10T09:24:18.327495
1773825572,zelma43775634725,0,0,,False,2025-02-10T09:24:19.074307
7895292139,,0,0,,False,2025-02-10T09:24:19.866923
6632247289,,0,0,,False,2025-02-10T09:24:20.564484
6077894452,,0,0,,False,2025-02-10T09:24:21.250326
7688337194,,0,0,,False,2025-02-10T09:24:21.932096
7784695005,,0,0,,False,2025-02-10T09:24:22.628131
5592776168,,0,0,,False,2025-02-10T09:24:23.395856
6305979378,,0,0,,False,2025-02-10T09:24:24.065007
7395925552,,0,0,,False,2025-02-10T09:24:24.760939
6354355295,,0,0,,False,2025-02-10T09:24:25.436830
7869378581,,0,0,,False,2025-02-10T09:24:26.149106
6336531721,,0,0,,False,2025-02-10T09:24:26.827662
6276726469,,0,0,,False,2025-02-10T09:24:27.521625
1337024382,eve2262128256430,0,0,,False,2025-02-10T09:24:28.210618
6105061685,,0,0,,False,2025-02-10T09:24:28.903893
7573055408,,0,0,,False,2025-02-10T09:24:29.614163
5816733805,,0,0,,False,2025-02-10T09:24:30.312592
5999539897,,0,0,,False,2025-02-10T09:24:31.002142
6016749913,,0,0,,False,2025-02-10T09:24:31.713410
7558523456,Hdjskfvvfv,0,0,,False,2025-02-10T09:24:32.890610
6003139273,,0,0,,False,2025-02-10T09:24:33.618196
7494143907,,0,0,,False,2025-02-10T09:24:34.348061
5810476056,,0,0,,False,2025-02-10T09:24:35.049188
6507449912,,0,0,,False,2025-02-10T09:24:35.776932
6245495491,,0,0,,False,2025-02-10T09:24:36.668038
6173006972,,0,0,,False,2025-02-10T09:24:37.361417
5830467835,,0,0,,False,2025-02-10T09:24:38.065195
7546351734,,0,0,,False,2025-02-10T09:24:38.757237
6300267592,,0,0,,False,2025-02-10T09:24:39.443137
7693235156,,0,0,,False,2025-02-10T09:24:40.158024
7865473986,Wilson12368,0,0,,False,2025-02-10T09:24:40.860989
6627139641,,0,0,,False,2025-02-10T09:24:41.560230
5987386473,,0,0,,False,2025-02-10T09:24:42.252789
7872400268,,0,0,,False,2025-02-10T09:24:42.947469
6011302371,,0,0,,False,2025-02-10T09:24:43.712159
7869201652,,0,0,,False,2025-02-10T09:24:44.436147
6113465830,,0,0,,False,2025-02-10T09:24:45.137914
6395078822,,0,0,,False,2025-02-10T09:24:45.827035
6012409310,,0,0,,False,2025-02-10T09:24:46.520853
6056510691,,0,0,,False,2025-02-10T09:24:47.209236
6306582112,,0,0,,False,2025-02-10T09:24:47.903673
5639972376,,0,0,,False,2025-02-10T09:24:48.632211
6240212377,,0,0,,False,2025-02-10T09:24:49.339494
7299565184,,0,0,,False,2025-02-10T09:24:50.023991
6115131758,RachelCianfrini6908,0,0,,False,2025-02-10T09:24:50.723052
1498057444,DanielSmith0752,0,0,,False,2025-02-10T09:24:51.419887
6246159516,,0,0,,False,2025-02-10T09:24:52.110214
7552878171,,0,0,,False,2025-02-10T09:24:52.791199
7391971024,,0,0,,False,2025-02-10T09:24:53.549222
7846283291,,0,0,,False,2025-02-10T09:24:54.245950
6167938050,,0,0,,False,2025-02-10T09:24:54.958594
7304813807,,0,0,,False,2025-02-10T09:24:55.691033
6366973572,,0,0,,False,2025-02-10T09:24:56.388795
8106841304,,0,0,,False,2025-02-10T09:24:57.163566
6348933924,,0,0,,False,2025-02-10T09:24:57.900917
5667901817,,0,0,,False,2025-02-10T09:24:58.581830
1153500858,,0,0,,False,2025-02-10T09:24:59.263425
6222485865,,0,0,,False,2025-02-10T09:24:59.961383
6010071787,TammyRusso3964,0,0,,False,2025-02-10T09:25:00.659828
1748797122,mariassan,0,0,,False,2025-02-10T09:25:01.357479
7941104066,Lucky89563,0,0,,False,2025-02-10T09:25:02.064163
7766866299,,0,0,,False,2025-02-10T09:25:02.806095
7521742469,,0,0,,False,2025-02-10T09:25:03.533750
6229568822,,0,0,,False,2025-02-10T09:25:04.350507
7717772785,,0,0,,False,2025-02-10T09:25:05.099003
7707280397,,0,0,,False,2025-02-10T09:25:05.995724
5947848226,,0,0,,False,2025-02-10T09:25:06.734973
6115127584,,0,0,,False,2025-02-10T09:25:07.454548
8105284445,,0,0,,False,2025-02-10T09:25:08.181859
6034569386,DebraJones5345,0,0,,False,2025-02-10T09:25:09.033169
6376358327,,0,0,,False,2025-02-10T09:25:09.856851
7849204447,,0,0,,False,2025-02-10T09:25:10.612855
5915452812,,0,0,,False,2025-02-10T09:25:11.307795
5330218702,JessicaStallworth0219,0,0,,False,2025-02-10T09:25:12.047427
5191109753,,0,0,,False,2025-02-10T09:25:12.740501
6028857321,,0,0,,False,2025-02-10T09:25:13.462075
5990001495,,0,0,,False,2025-02-10T09:25:14.178358
7855207222,,0,0,,False,2025-02-10T09:25:15.163514
6327080700,,0,0,,False,2025-02-10T09:25:15.942083
1523446396,MiguelBennett7393,0,0,,False,2025-02-10T09:25:16.619016
6098865664,,0,0,,False,2025-02-10T09:25:17.352027
6078062942,,0,0,,False,2025-02-10T09:25:18.070377
7255033563,,0,0,,False,2025-02-10T09:25:18.888969
5807984459,,0,0,,False,2025-02-10T09:25:19.581920
7625450581,Brown96687,0,0,,False,2025-02-10T09:25:20.283381
6658384453,,0,0,,False,2025-02-10T09:25:20.963470
7656845543,,0,0,,False,2025-02-10T09:25:21.680830
6648927069,,0,0,,False,2025-02-10T09:25:22.355591
7526938859,,0,0,,False,2025-02-10T09:25:23.053443
6040709832,,0,0,,False,2025-02-10T09:25:23.758917
7824216942,,0,0,,False,2025-02-10T09:25:24.476393
5846381544,JanellWatson1199,0,0,,False,2025-02-10T09:25:25.161946
7772565566,Taylor85259,0,0,,False,2025-02-10T09:25:25.868826
5814435576,GregoryGarrett6312,0,0,,False,2025-02-10T09:25:26.567061
6078872651,,0,0,,False,2025-02-10T09:25:27.248011
6446392445,,0,0,,False,2025-02-10T09:25:27.950392
7816245324,Lucky67982,0,0,,False,2025-02-10T09:25:28.628636
6204510794,,0,0,,False,2025-02-10T09:25:29.316077
5842098629,DeniseJeter5296,0,0,,False,2025-02-10T09:25:29.999565
7464033268,,0,0,,False,2025-02-10T09:25:30.681112
7665227763,,0,0,,False,2025-02-10T09:25:31.357422
7766768834,,0,0,,False,2025-02-10T09:25:32.032532
6288776937,,0,0,,False,2025-02-10T09:25:32.706068
7880353846,,0,0,,False,2025-02-10T09:25:33.389549
7796807507,,0,0,,False,2025-02-10T09:25:34.063975
5809504706,,0,0,,False,2025-02-10T09:25:34.746053
6377315498,,0,0,,False,2025-02-10T09:25:35.427662
6855501188,As549888,0,0,,False,2025-02-10T09:25:36.153069
6698323267,,0,0,,False,2025-02-10T09:25:36.847539
6157527285,,0,0,,False,2025-02-10T09:25:37.525550
1900862060,andria3151800401,0,0,,False,2025-02-10T09:25:38.204660
6004073367,,0,0,,False,2025-02-10T09:25:38.897749
7258635078,,0,0,,False,2025-02-10T09:25:39.577086
6361415085,,0,0,,False,2025-02-10T09:25:40.434806
6093823430,,0,0,,False,2025-02-10T09:25:41.109749
6025983174,,0,0,,False,2025-02-10T09:25:41.787155
5966766823,,0,0,,False,2025-02-10T09:25:42.473080
7931071788,Moore97230,0,0,,False,2025-02-10T09:25:43.158503
7677194963,,0,0,,False,2025-02-10T09:25:43.835094
5757609958,,0,0,,False,2025-02-10T09:25:44.813443
6265051098,,0,0,,False,2025-02-10T09:25:46.135101
7424989247,,0,0,,False,2025-02-10T09:25:46.838271
5994503731,,0,0,,False,2025-02-10T09:25:47.553824
7712603503,,0,0,,False,2025-02-10T09:25:48.243959
5041806758,PatriciaArline2442,0,0,,False,2025-02-10T09:25:48.960073
5883155470,,0,0,,False,2025-02-10T09:25:50.086660
7589903001,,0,0,,False,2025-02-10T09:25:50.960207
5843918863,NancyHarms5659,0,0,,False,2025-02-10T09:25:51.787514
5892405259,,0,0,,False,2025-02-10T09:25:52.482869
1362163133,RitaFaulkner6569,0,0,,False,2025-02-10T09:25:53.646368
7826511093,,0,0,,False,2025-02-10T09:25:54.444008
1830306563,,0,0,,False,2025-02-10T09:25:55.151646
7220022896,,0,0,,False,2025-02-10T09:25:55.872505
5915421933,GeoffreyLatsha1592,0,0,,False,2025-02-10T09:25:56.747913
6112095910,real2334,0,0,,False,2025-02-10T09:25:57.469111
6263377757,,0,0,,False,2025-02-10T09:25:58.373236
6376122705,,0,0,,False,2025-02-10T09:25:59.080748
5982871870,RobertBergsma8196,0,0,,False,2025-02-10T09:25:59.993448
7848750486,Taylor85655,0,0,,False,2025-02-10T09:26:00.730567
1172843426,AaronGordon6840,0,0,,False,2025-02-10T09:26:01.425403
6397512671,,0,0,,False,2025-02-10T09:26:02.177116
8102183358,,0,0,,False,2025-02-10T09:26:02.904746
5583348238,PhillipMerrifield2708,0,0,,False,2025-02-10T09:26:03.614275
7575974031,,0,0,,False,2025-02-10T09:26:04.318986
6334741119,,0,0,,False,2025-02-10T09:26:05.077378
5962312482,,0,0,,False,2025-02-10T09:26:05.763602
6383683911,,0,0,,False,2025-02-10T09:26:06.453439
1240274696,JasonKincaide1844,0,0,,False,2025-02-10T09:26:07.163478
6372920591,,0,0,,False,2025-02-10T09:26:07.873789
1691476360,tom2580268520012,0,0,,False,2025-02-10T09:26:08.599740
7909068437,,0,0,,False,2025-02-10T09:26:09.307879
5911794590,EdwardLubinski7582,0,0,,False,2025-02-10T09:26:10.016621
6148120882,,0,0,,False,2025-02-10T09:26:10.729240
7728698056,,0,0,,False,2025-02-10T09:26:11.428930
6035397639,,0,0,,False,2025-02-10T09:26:12.130863
7016501757,,0,0,,False,2025-02-10T09:26:12.817237
7561006160,,0,0,,False,2025-02-10T09:26:13.533166
6201783053,,0,0,,False,2025-02-10T09:26:14.271807
5690294489,,0,0,,False,2025-02-10T09:26:14.953953
8000474057,,0,0,,False,2025-02-10T09:26:15.647347
7311287827,,0,0,,False,2025-02-10T09:26:16.417643
6150466169,,0,0,,False,2025-02-10T09:26:17.268107
7944515769,,0,0,,False,2025-02-10T09:26:17.974083
5843970789,RafaelDolejsi6666,0,0,,False,2025-02-10T09:26:18.722020
6116341250,,0,0,,False,2025-02-10T09:26:19.460934
6372714450,,0,0,,False,2025-02-10T09:26:20.343220
7811773937,,0,0,,False,2025-02-10T09:26:21.063890
5865361803,ClaireBlando2347,0,0,,False,2025-02-10T09:26:21.776799
6104456182,,0,0,,False,2025-02-10T09:26:22.534379
7700242562,,0,0,,False,2025-02-10T09:26:23.397327
8130601013,,0,0,,False,2025-02-10T09:26:24.144937
6009315232,,0,0,,False,2025-02-10T09:26:24.863914
7644074001,Witty12003,0,0,,False,2025-02-10T09:26:25.552414
6244380909,,0,0,,False,2025-02-10T09:26:26.241715
7940850648,,0,0,,False,2025-02-10T09:26:26.936706
6378252049,,0,0,,False,2025-02-10T09:26:27.630871
1293225698,lynsey8008554775,0,0,,False,2025-02-10T09:26:28.344014
6080098023,,0,0,,False,2025-02-10T09:26:29.058473
8183430409,,0,0,,False,2025-02-10T09:26:29.765162
7612458287,,0,0,,False,2025-02-10T09:26:30.469520
6254289087,,0,0,,False,2025-02-10T09:26:31.191135
7577713283,,0,0,,False,2025-02-10T09:26:31.936456
6115770499,,0,0,,False,2025-02-10T09:26:32.656840
6691293006,,0,0,,False,2025-02-10T09:26:33.401777
7939535259,,0,0,,False,2025-02-10T09:26:34.149762
5843511977,,0,0,,False,2025-02-10T09:26:34.887321
6533247852,,0,0,,False,2025-02-10T09:26:35.673829
8186622694,,0,0,,False,2025-02-10T09:26:36.518759
5853624571,,0,0,,False,2025-02-10T09:26:37.360433
6195848788,,0,0,,False,2025-02-10T09:26:38.186872
5938085648,HeidiDunn0719,0,0,,False,2025-02-10T09:26:38.904502
7689397550,,0,0,,False,2025-02-10T09:26:39.709088
5767298479,RoyCreagh6378,0,0,,False,2025-02-10T09:26:40.545049
7877823290,,0,0,,False,2025-02-10T09:26:41.409747
6204364540,,0,0,,False,2025-02-10T09:26:42.142461
7927416752,,0,0,,False,2025-02-10T09:26:42.873488
6145552581,,0,0,,False,2025-02-10T09:26:43.759740
5848167079,SusanDoe5119,0,0,,False,2025-02-10T09:26:44.599530
6086275630,,0,0,,False,2025-02-10T09:26:45.700167
912715129,theressa88216167,0,0,,False,2025-02-10T09:26:46.409802
6011459300,,0,0,,False,2025-02-10T09:26:47.162642
6633286486,,0,0,,False,2025-02-10T09:26:47.920975
5585085191,,0,0,,False,2025-02-10T09:26:48.651841
6134799513,,0,0,,False,2025-02-10T09:26:49.489827
6320984165,,0,0,,False,2025-02-10T09:26:50.193927
7688082782,,0,0,,False,2025-02-10T09:26:50.887476
8065891477,,0,0,,False,2025-02-10T09:26:51.613926
5883098389,,0,0,,False,2025-02-10T09:26:52.324261
7703823685,,0,0,,False,2025-02-10T09:26:53.017382
6130395537,,0,0,,False,2025-02-10T09:26:53.757636
6384280178,,0,0,,False,2025-02-10T09:26:54.686412
6297170767,,0,0,,False,2025-02-10T09:26:55.392897
5844482490,,0,0,,False,2025-02-10T09:26:56.103595
7860870296,Silly66778,0,0,,False,2025-02-10T09:26:56.833487
7644700922,,0,0,,False,2025-02-10T09:26:57.527475
5856309273,,0,0,,False,2025-02-10T09:26:58.318916
6160952988,ShermDollaz1016,0,0,,False,2025-02-10T09:26:59.014153
6385458635,,0,0,,False,2025-02-10T09:26:59.717934
6239868704,,0,0,,False,2025-02-10T09:27:00.417362
6687001240,,0,0,,False,2025-02-10T09:27:01.280863
6151931401,,0,0,,False,2025-02-10T09:27:01.988082
6146901440,,0,0,,False,2025-02-10T09:27:02.743031
7019500935,,0,0,,False,2025-02-10T09:27:03.475640
7887379918,,0,0,,False,2025-02-10T09:27:04.191787
6388666448,,0,0,,False,2025-02-10T09:27:05.040344
5924934621,,0,0,,False,2025-02-10T09:27:05.781679
6100408362,,0,0,,False,2025-02-10T09:27:06.502061
5582009055,,0,0,,False,2025-02-10T09:27:07.261195
2042157746,SteveHurley6662,0,0,,False,2025-02-10T09:27:07.982492
6329712576,,0,0,,False,2025-02-10T09:27:08.813980
6093804497,,0,0,,False,2025-02-10T09:27:09.617976
5899446443,,0,0,,False,2025-02-10T09:27:10.564671
1592305841,,0,0,,False,2025-02-10T09:27:11.300930
7702413804,,0,0,,False,2025-02-10T09:27:11.994466
7860451518,,0,0,,False,2025-02-10T09:27:12.710863
6054308234,,0,0,,False,2025-02-10T09:27:13.414506
7835923229,,0,0,,False,2025-02-10T09:27:14.172611
2112489917,CaaltuuFiqaaduu,0,0,,False,2025-02-10T09:27:14.881405
6274208621,,0,0,,False,2025-02-10T09:27:15.567668
8071917121,Davis33835,0,0,,False,2025-02-10T09:27:16.264721
6386437731,,0,0,,False,2025-02-10T09:27:16.968188
2087717284,nttjjt,0,0,,False,2025-02-10T09:59:01.992438
7752812042,t100serviceaccount,0,0,,False,2025-02-10T10:00:55.731585
6785688216,,0,0,,False,2025-02-10T10:01:53.755638
7660826025,,0,0,,False,2025-02-10T10:04:08.483181
1770320470,leomessijr10,0,0,,False,2025-02-10T10:08:15.298732
7000373600,Moeez6952,0,0,,False,2025-02-10T10:16:22.452192
6638225101,Wende3421,0,0,,False,2025-02-10T10:21:28.075246
6603547915,,0,0,,False,2025-02-10T10:54:13.558351
7099038850,Jundanianxie,0,0,,False,2025-02-10T10:55:35.690200
6248723644,,0,0,,False,2025-02-10T11:28:33.963050
6999142505,GabzyVenom,0,0,,False,2025-02-11T19:49:46.182744
6791538514,abjad_ke10,0,1000,EQa11JZPQJxC4YKpvvgSpKfPA7iiUgBzaBHFh76bHvck,True,2025-02-12T01:54:49.764644
5662388862,isekaimagician,1,3000,EhmfLyoPYis9GoKM8hNSpreib2Y4XWGLBqAejpH3T1r5,True,2025-02-12T18:21:28.212682
6149831810,MultiDimensionalKing,0,1000,7CGz83tSntRfkbfUo1KcnKQhXdZEs5Et2JSNSf8pULHV,True,2025-02-12T18:28:01.347098
1316030269,khoju_r,0,0,,False,2025-02-13T09:45:04.725067
1087851320,BoletvTRC20,0,0,,False,2025-02-13T11:33:49.921852
6949058742,DemonNepal,0,1000,0xeebc7bc7e2e0311440a210a029ca2196f3b0e0ec,True,2025-02-13T15:31:55.612436
6068463116,Verifiedsarthak,0,0,,False,2025-02-14T04:10:03.543796
7807767839,GABYcrypto2,0,0,,False,2025-02-14T06:02:45.291052
6256317167,,0,1000,Nepal,True,2025-02-14T07:27:35.766067
5987516491,rugpts,0,0,,False,2025-02-14T09:34:58.987561
6009351787,,0,0,,False,2025-02-14T10:21:20.000633
1499063834,hayansake,0,1000,B5UNGfmohGEQZgKUwAASEe2krcqWanhwUWBJmvXDqt8S,True,2025-02-14T10:21:48.582985
7396314088,CR_Trader_44,0,1000,9FJ9MzgR7Zi4ib74rb97JRYaSpj1jeFyS74mJs8QWNX3,True,2025-02-14T10:23:11.012267
5842322810,hetvi13116,0,1000,35GwdYNDzdRVX2UZLZP85mEjuraq1mMMyJBaoBRobZ1o,True,2025-02-14T10:29:33.937029
7495366852,Elon_negga,0,0,,False,2025-02-14T10:29:35.400941
5992277584,Adamdhh,4,9000,6pmb495Nf15529fHtbWPZsJ337fgnAABVG4kraoTHnkL,True,2025-02-14T10:29:51.139398
5843209691,Sanatani1243,0,0,,False,2025-02-14T10:30:00.724406
1511799687,,0,1000,CAg5fPJGHpD7S8FwcyGiSnaJb7nKQJF7MbQnTR4NLnoU,True,2025-02-14T10:31:55.948210
7853740581,Alanbiju12a,0,1000,GBuZAXxP6pQ6o9nfEJfvHmAAJdSVnkjzYRfwpF4HAWWN,True,2025-02-14T10:41:13.351056
1335036405,snack666,4,9000,GN6AFqyS6j37xK8EcAhJgvQ3qXemJ2ayuPDkNFF82poo,True,2025-02-14T10:44:33.544443
7083726307,snack777,0,1000,8yLJiQH6A29gz2UUVuyqabUKwMh8kQX8sgoHi3RNp5zG,True,2025-02-14T10:46:34.542154
6738281068,snack888,0,1000,43nf8vTCSj5HFuM8wXJFEPJdijEiBLo9DW8eDiZhJF9i,True,2025-02-14T10:47:58.599942
6962254916,snack222,0,1000,FXFkxkSJF4yKji7bKncP7kU46K3t91tkecsC1HWtRM8r,True,2025-02-14T10:48:55.283233
7052765533,snack99999,0,1000,4ULzbvB83mFMxnYQepYJdSnRGcedMxuvRFRRf7aAG4Jo,True,2025-02-14T10:49:55.796453
7365724460,,0,0,,False,2025-02-14T11:03:56.965313
5216046766,,0,1000,8Mw6y9EnaTp5cEj94zGz9S1y4BcyR8qkEceEeFBL9CWJ,True,2025-02-14T11:06:07.853150
1691201161,AlanRegi8075,0,1000,6pmb495Nf15529fHtbWPZsJ337fgnAABVG4kraoTHnkL,True,2025-02-14T11:09:40.875351
6473687641,RasyidR3,0,1000,45HyJC4S6ycoEFEaXVKdRc4fkht9Hm35cYcbWvePCVX3,True,2025-02-14T11:11:22.994106
6990704271,Velmorandrius,0,0,,False,2025-02-14T11:19:27.532424
375711585,abubakar_dark,0,0,,False,2025-02-14T11:22:28.706314
6748065872,SyedNajaf110,0,1000,5koZ69zz1vL2EVidTUjG2pn3Lb8pmcAUpGTFLnFbDiZZ,True,2025-02-14T11:36:30.275168
1797225580,adyydaju,3,7000,4hzGaGPggRXktdCU2LCvfjU4YWUkLmfH9fhRQCLD2DVr,True,2025-02-14T11:46:23.148747
7247873578,makremff,3,7000,GuZfVjD4987pftvfGZQKukyEBSTk3WSrNFWrTqm4bSJK,True,2025-02-14T12:30:31.275539
1754098804,RO_5FY,0,1000,6pmb495Nf15529fHtbWPZsJ337fgnAABVG4kraoTHnkL,True,2025-02-14T12:33:10.504416
7190111432,makremfff,0,1000,GuZfVjD4987pftvfGZQKukyEBSTk3WSrNFWrTqm4bSJK,True,2025-02-14T12:33:21.171954
7740085743,,0,1000,https://t.me/MUSKY_ON_SOL_BOT?start=ref_7247873578,True,2025-02-14T12:34:42.712948
7950752300,,0,1000,GuZfVjD4987pftvfGZQKukyEBSTk3WSrNFWrTqm4bSJK,True,2025-02-14T12:35:57.440628
7755467329,,0,0,,False,2025-02-14T12:37:02.442970
7363536108,,0,0,,False,2025-02-14T13:34:02.415447
8199088059,,0,0,,False,2025-02-14T22:24:45.135563
7455254409,anonymousxtz,0,1000,4hzGaGPggRXktdCU2LCvfjU4YWUkLmfH9fhRQCLD2DVr,True,2025-02-15T05:18:08.796880
6933097134,adyxddd,0,1000,4hzGaGPggRXktdCU2LCvfjU4YWUkLmfH9fhRQCLD2DVr,True,2025-02-15T05:19:06.904886
8088877862,,0,1000,4hzGaGPggRXktdCU2LCvfjU4YWUkLmfH9fhRQCLD2DVr,True,2025-02-15T05:19:59.495127
7093136027,rizzmadss,0,0,,False,2025-02-15T17:01:52.567956
1209235230,Couierh,0,0,,False,2025-02-15T17:02:07.654608
7671656506,,0,0,,False,2025-02-16T00:02:12.244452
7606412456,Y0han_the_last,0,0,,False,2025-02-16T05:46:28.382279
6007548372,Pablo_Cube,0,0,,False,2025-02-16T12:20:20.870530
5871098210,Gurprxxt,4,9000,GwjP7MpHntYgYVa4Tz39cTAQUCUHLMsPvWo4GrEdpYjg,True,2025-02-16T12:23:34.235077
5733770027,,0,1000,GwjP7MpHntYgYVa4Tz39cTAQUCUHLMsPvWo4GrEdpYjg,True,2025-02-16T12:26:36.725640
6577570208,GrandpapasalrdytknbA,0,1000,3umsBrWi9qaPQLxFhcw922pYymPzUizyxMCBHTVLDisM,True,2025-02-16T12:27:37.063383
5696037777,Rujkum,1,3000,9KpXrjzJhTXvnMQYkBgxsvtzmqMrdGjw9Z3EX9g2TCqz,True,2025-02-16T12:32:59.778505
7245041940,,0,0,,False,2025-02-16T12:35:29.149928
6393730892,Bhupinder744,0,1000,2wH6iXjNBL1EppT9qmP9umkWtZ6hwKLK95nWi3u9PGoF,True,2025-02-16T12:52:51.253813
413042727,RosemaryWintersss,0,0,,False,2025-02-16T13:15:22.857854
7170080068,mikadoblak,0,1000,4ivE1cnimwoWht1D4RHtXD6GdJTsS9K2jkEvob1LpDQ2,True,2025-02-16T13:37:21.925399
1340236189,Dilshanchathu,0,1000,0xCF5DAB8B943C02EfdC22C358F16537eC16dBb60B,True,2025-02-16T14:50:43.486652
6333709681,tigerpump,5,11000,39L8N7M5Rd5HW7o2S62w3ctf8oxrZiLnbGnuuv3GzDRU,True,2025-02-16T14:56:09.720936
5302140820,Jonezzz190,0,0,,False,2025-02-16T14:57:46.067991
7327489295,Kennyblaq44,3,7000,3ZXpFZQPBadFLPCNS7NT2TZuheaV1vTpjcB6dKwzWKPT,True,2025-02-16T15:07:59.669780
7926819231,Lavrenuk1989,0,0,,False,2025-02-16T15:13:10.303406
5858820905,kennyblaq3,0,1000,89p5DvygkXTRMP2Fto7SFpSetajDNRqiQUHhXiuTHABW,True,2025-02-16T15:16:38.812639
6429413032,mayank024681,0,1000,F24Uyxjhkz6P8x3RsXw2Lyyrax1kCgkzTEa187gPSgKY,True,2025-02-16T15:16:56.780033
7309832686,Nnamdi33,0,1000,89p5DvygkXTRMP2Fto7SFpSetajDNRqiQUHhXiuTHABW,True,2025-02-16T15:17:01.450333
6867744224,Chadz88,2,5000,Brj7k1quU1CBfu1hBLdaCxeLK5HerLLcZ7sQTe4kqX2B,True,2025-02-16T16:14:22.547972
6805200116,abdr400,0,0,,False,2025-02-16T16:27:59.167514
5522294274,Panjul15,0,0,,False,2025-02-16T16:32:53.990047
6499224639,Rweb3,0,1000,H7Gq6FJ9fheAkQjkddf7r9VBexiD1Gkg8F5VfMNnh7BD,True,2025-02-16T16:33:35.894555
6600472377,Hellywhite,0,0,,False,2025-02-16T16:49:14.526002
6439896085,,0,0,,False,2025-02-16T16:50:44.146350
6188743735,PREMIUMSCRIPTSELLER,0,1000,ByoQcQUCy3koC6BJ5AJSN9DVbLgKPiCy2GTmjL8EqmaP,True,2025-02-16T16:51:27.978909
7660655525,,3,7000,52zySCGMSZG4HoHrShz2w8xvEvMH2Lsb19HLfENpPSn9,True,2025-02-16T16:52:50.121149
7831767484,Zxcvfg789,4,9000,52zySCGMSZG4HoHrShz2w8xvEvMH2Lsb19HLfENpPSn9,True,2025-02-16T17:09:31.089562
7868375273,Growth_cap50,0,1000,https://t.me/MUSKY_ON_SOL_BOT?start=ref_7831767484,True,2025-02-16T17:11:44.016952
6302215174,Nsrin67788,0,1000,6s1TohEmky4Z6zoLUEWjhXVtFxAXnnERafFieDGMJj9S,True,2025-02-16T17:14:22.168917
1939650966,Alexnasayuni,0,1000,6opstQPW6Bwks9fHzXCKLjy6dRGobzpGpdfdhTAepKEF,True,2025-02-16T17:16:22.321871
6061387110,Ranaali_444,3,7000,2jhEVZ4MMMgMucL61ZCsHCbNuKUC3v4wUH4Hw5Vqqcz1,True,2025-02-16T17:27:41.768117
6200164862,dhdididj,0,0,,False,2025-02-16T17:33:12.649924
7901225229,Ranatariq10,0,1000,2jhEVZ4MMMgMucL61ZCsHCbNuKUC3v4wUH4Hw5Vqqcz1,True,2025-02-16T17:36:28.269330
7266637586,rrrreeeeii,0,0,,False,2025-02-16T17:36:39.864377
7503632499,Ranaali_4,0,1000,2jhEVZ4MMMgMucL61ZCsHCbNuKUC3v4wUH4Hw5Vqqcz1,True,2025-02-16T17:37:22.205517
7351340784,Ranaahsan5,0,1000,2jhEVZ4MMMgMucL61ZCsHCbNuKUC3v4wUH4Hw5Vqqcz1,True,2025-02-16T17:38:03.665161
6477672803,Almati0391,2,5000,0x463145652019Cd14aB893474F07F50898C79eC9E,True,2025-02-16T17:44:18.808218
8000659968,mistress_grace112,0,0,,False,2025-02-16T17:59:11.441351
7030334285,j_hj_jj,0,1000,ن,True,2025-02-16T17:59:31.837147
6765061952,llelkdke,0,1000,ى,True,2025-02-16T18:02:48.318170
1783883343,juan0117,0,0,,False,2025-02-16T18:09:39.255078
7260927217,Ramiiiiiiiia,0,1000,Ak6bNemTt7vCNh53vzg1Tdqdhmbzf4TNY5bR38QNQj7n,True,2025-02-16T18:16:00.610384
2055358774,Ht122127,0,1000,BrHJsQy9XD2HugUQDJVDaT3sCSpJkSN1AV73jGRcKCR5,True,2025-02-16T18:20:15.217459
6266998919,Yh122127,0,0,,False,2025-02-16T18:29:54.015629
5296346289,Walixd23,0,1000,Hm36GFGaKCuEPcRco41XqgSLb9yJLYMcoxzgLDKNg8Mc,True,2025-02-16T18:56:15.999462
7106090120,Hsna368,0,0,,False,2025-02-16T18:58:39.473748
7807393516,Zakaria_khalfa,0,1000,5iymeazW9EynC1nUSpNNSYSWUGR9BoZC1F9fPEYosxKz,True,2025-02-16T19:42:27.718733
6995970962,u74_m,0,0,,False,2025-02-16T20:51:53.963296
5740282130,,0,0,,False,2025-02-16T21:07:13.785647
5824492079,mostafa1366_a,0,0,,False,2025-02-16T21:10:40.490693
6004169291,Shivamjaiswal884,8,17000,96N7VjZpZTqP5bzvpSC4BTrE2cvVngCukLmoEa4jNf8P,True,2025-02-17T01:20:34.768590
7463292747,Kova93838,0,1000,96N7VjZpZTqP5bzvpSC4BTrE2cvVngCukLmoEa4jNf8P,True,2025-02-17T01:28:39.848469
7241988618,Dhjgogunk,0,1000,96N7VjZpZTqP5bzvpSC4BTrE2cvVngCukLmoEa4jNf8P,True,2025-02-17T01:32:45.600816
6724445799,Silpufhjur,0,1000,96N7VjZpZTqP5bzvpSC4BTrE2cvVngCukLmoEa4jNf8P,True,2025-02-17T01:41:37.850647
6482985303,Asinagain,3,7000,6ADCZ8YM5fAyMjMqtFAQCbL6s64MXk79GJecAVf9gDBX,True,2025-02-17T04:31:43.081278
620470397,Djjking,4,9000,Vi4N1m8xTdrRWAhraYEgVzzMnRQY1yLrWzZ4tegYwdL,True,2025-02-17T04:42:07.239950
8103288048,,2,5000,7ySYyWwZW762ABJMwoof6nTpNTfNtsw9FhFmk1n3aJYn,True,2025-02-17T04:44:09.985814
7873538752,,0,1000,7ySYyWwZW762ABJMwoof6nTpNTfNtsw9FhFmk1n3aJYn,True,2025-02-17T04:52:29.979089
6320522607,Emmzy54,0,1000,GV3GFUyrvnyV3BVepEh3d733DozArgYdSGZrqVcbFmgY,True,2025-02-17T04:55:56.856558
6353337180,,0,1000,0x1Df1AC95EE41815CCdAfB7a7f2c73e1fA2A0B449,True,2025-02-17T04:59:40.162170
6090145596,Veedarh,0,0,,False,2025-02-17T05:00:56.053233
7181722100,,0,0,,False,2025-02-17T05:02:52.205300
6346826507,,0,1000,0x92736qjsufow,True,2025-02-17T05:04:03.237424
1894519049,divyanshuthakur007,0,1000,0x6f47431d8517600e181b63a91972d32dac18548b,True,2025-02-17T05:11:53.104795
7499545468,,0,1000,7ySYyWwZW762ABJMwoof6nTpNTfNtsw9FhFmk1n3aJYn,True,2025-02-17T05:25:54.251222
7720820474,,0,1000,Vi4N1m8xTdrRWAhraYEgVzzMnRQY1yLrWzZ4tegYwdL,True,2025-02-17T05:28:16.318522
1581614393,,0,1000,ARW7P78DZpv4b9oWh5SZqtHoyRudsEzH6ZenNaQw964ikCuohEhma,True,2025-02-17T05:48:00.337563
6677090426,,0,0,,False,2025-02-17T06:00:36.607497
7274418081,Rohitoeieur,0,1000,0x9D05e890AF2b57d9fD0AA21B0B4FC33FB2E9e5e0,True,2025-02-17T06:22:47.823915
6955649551,Vijayraut1100,0,1000,96N7VjZpZTqP5bzvpSC4BTrE2cvVngCukLmoEa4jNf8P,True,2025-02-17T06:34:44.771971
7269109807,,0,1000,0x9D05e890AF2b57d9fD0AA21B0B4FC33FB2E9e5e0,True,2025-02-17T07:06:31.152538
1882608274,khaleeq80,0,0,,False,2025-02-17T07:06:43.318819
6030398674,Abhisheireuu,0,1000,0x9D05e890AF2b57d9fD0AA21B0B4FC33FB2E9e5e0,True,2025-02-17T07:44:51.065663
1630149364,atiftg,0,0,,False,2025-02-17T07:55:13.641153
5667766956,chukwuemakZ,2,5000,9VbBrRRcrgwa86VSMZJDCjagP3dFiatrsPBoAjw8cFEF,True,2025-02-17T07:55:25.039344
6124765294,chimexZ,0,1000,9VbBrRRcrgwa86VSMZJDCjagP3dFiatrsPBoAjw8cFEF,True,2025-02-17T08:02:29.658583
8160281498,XWorld9o,0,0,,False,2025-02-17T08:55:21.668335
1207976344,,0,0,,False,2025-02-17T09:15:54.441118
929849122,gemechu5269,0,0,,False,2025-02-17T09:30:47.652553
7014306829,Sirbima70,0,0,,False,2025-02-17T09:30:48.205667
6507496370,adamuimam24,0,0,,False,2025-02-17T09:30:53.268889
6187360174,Usman4344,0,0,,False,2025-02-17T09:31:59.215876
7050572904,,0,0,,False,2025-02-17T09:32:28.321921
7439995310,Majorelee00,0,0,,False,2025-02-17T09:32:28.892285
5902600354,Barrister3126,1,3000,GvM17CYSUvKbRY3nH6QKEqxM1hd8TbE1bHVaQso3jgRF,True,2025-02-17T09:32:52.855426
5771890259,,0,0,,False,2025-02-17T09:32:53.313299
6565033872,Mickyruntinz27,0,0,,False,2025-02-17T09:34:24.888380
6422365550,Thjhjhhjhjj,0,0,,False,2025-02-17T09:34:30.468977
328074736,Hemat_instbz,0,0,,False,2025-02-17T09:34:44.470242
5282100957,KarthiKeyan2025,0,0,,False,2025-02-17T09:35:12.196983
5797124245,herdepoju,0,0,,False,2025-02-17T09:35:15.731207
7096626218,ashiroshi39290oxj,0,0,,False,2025-02-17T09:35:46.686897
7331382321,Mohammad20455,0,0,,False,2025-02-17T09:36:20.022738
6429298448,Hasan330099,0,0,,False,2025-02-17T09:36:46.784935
7311646705,Alherine123,0,0,,False,2025-02-17T09:37:21.069880
146694054,h83733427,0,0,,False,2025-02-17T09:37:21.672014
212298118,Pesare_alamto,0,0,,False,2025-02-17T09:37:51.019553
6198144754,majidzadeh1984,0,0,,False,2025-02-17T09:37:54.388603
7050090051,Goriyagdm,0,0,,False,2025-02-17T09:37:56.073398
6787229040,Ziakhan90,0,0,,False,2025-02-17T09:38:38.683346
6975949818,Prettyjoy222,0,0,,False,2025-02-17T09:38:58.940807
7167859709,Shajibmojammel,0,0,,False,2025-02-17T09:39:21.212728
7005806075,SulaimanUsman022,0,0,,False,2025-02-17T09:39:24.347435
167944428,,0,0,,False,2025-02-17T09:39:37.465170
7252441465,Biyakhan15,0,0,,False,2025-02-17T09:39:39.664527
736050535,,0,0,,False,2025-02-17T09:39:44.799608
6936644922,teramp_2024,0,0,,False,2025-02-17T09:39:48.834014
1372387035,Divlord,0,0,,False,2025-02-17T09:40:14.066362
779943396,PharmK2,0,0,,False,2025-02-17T09:40:20.474005
6427481416,nasirmn28,0,0,,False,2025-02-17T09:41:02.335392
6721873168,mikeate,0,0,,False,2025-02-17T09:41:29.922943
7200878397,IKeyusobasE,0,0,,False,2025-02-17T09:41:46.579546
100726867,Y3huzuri,0,0,,False,2025-02-17T09:42:58.881406
1233350371,Mohamadhassan12309,0,0,,False,2025-02-17T09:43:22.685695
7720683693,,0,0,,False,2025-02-17T09:43:40.384259
5468536275,ojoli123479qr8pa,0,0,,False,2025-02-17T09:43:44.536377
7519923423,Drzahid1985,0,0,,False,2025-02-17T09:44:02.368479
5029471504,JVis24K_Gold,0,0,,False,2025-02-17T09:44:45.323502
5030374410,boukan73,0,0,,False,2025-02-17T09:44:52.431200
6414543759,Abdnew3,0,0,,False,2025-02-17T09:45:06.626458
6334923354,Sadghi0420,0,0,,False,2025-02-17T09:45:09.061678
6723278339,khokonmia94,0,0,,False,2025-02-17T09:45:40.768958
7047813304,Kheiriiiii,0,0,,False,2025-02-17T09:45:49.127144
5667899959,Gader1363,0,0,,False,2025-02-17T09:45:52.908581
6758533532,,0,0,,False,2025-02-17T09:46:17.717114
7193810532,Rakib167567,0,0,,False,2025-02-17T09:46:31.379952
1021197470,Hussy14,0,0,,False,2025-02-17T09:47:46.251715
7086916443,,0,0,,False,2025-02-17T09:48:46.029379
6640733473,Rashnoo44,0,0,,False,2025-02-17T09:48:48.773565
635359095,Navid_Ne1,0,0,,False,2025-02-17T09:49:49.086441
7460068494,,0,0,,False,2025-02-17T09:50:39.533887
7160689701,Chiomzzip,0,1000,0x24A91761d146C6a95f775c3eA3B7e4ac0b83f2c3,True,2025-02-17T09:50:48.443320
7081995415,Muhammadmusadra,0,0,,False,2025-02-17T09:50:56.966157
6703661935,salmanshkh,0,0,,False,2025-02-17T09:51:06.618660
5466346372,hkondinlove2022,0,0,,False,2025-02-17T09:52:12.897236
6504700524,,0,0,,False,2025-02-17T09:52:26.912348
555044744,Sara98co,0,0,,False,2025-02-17T09:52:44.706891
1050477921,e2mirelmas,0,0,,False,2025-02-17T09:53:08.719341
1473546673,,0,0,,False,2025-02-17T09:53:41.134679
5158027479,,0,0,,False,2025-02-17T09:54:29.210183
5632376382,,0,0,,False,2025-02-17T09:54:46.864169
1815669725,Sani4222,0,0,,False,2025-02-17T09:54:55.527057
6787045810,faramarzabbasi1,0,0,,False,2025-02-17T09:55:28.446682
8075358269,,0,0,,False,2025-02-17T09:55:41.733420
112819551,,0,0,,False,2025-02-17T09:55:43.855325
6088274596,,0,0,,False,2025-02-17T09:56:20.160038
153164738,MohsenMoharami,0,0,,False,2025-02-17T09:56:22.306961
7036061170,oly123o,0,0,,False,2025-02-17T09:56:47.565020
7180061393,AbouABS,1,3000,2AosprkpkHgGvZyg3Uwye51vJeaRNzCSTkCLVH5mbbbo,True,2025-02-17T09:57:22.404453
6983806257,,0,0,,False,2025-02-17T09:57:29.724305
7368103831,fedorbasl,0,0,,False,2025-02-17T09:57:34.404632
7371508599,Bodethomas2024,0,0,,False,2025-02-17T09:57:46.428610
7407440628,AbuUmaymat,0,0,,False,2025-02-17T09:57:58.877107
7298562373,Shorif43161,0,0,,False,2025-02-17T09:58:55.381534
7035426923,,0,0,,False,2025-02-17T09:59:43.864307
571221175,Soli1706,0,0,,False,2025-02-17T10:01:00.816539
7143402928,farhanakhatun123456789,0,0,,False,2025-02-17T10:01:18.693602
106842809,Safa7025,0,0,,False,2025-02-17T10:01:36.496497
895932262,,0,0,,False,2025-02-17T10:02:00.030471
6898495937,,0,0,,False,2025-02-17T10:02:17.265397
7894012462,Yescoiner13,0,0,,False,2025-02-17T10:02:39.045316
7222876679,bbghtt5555,0,0,,False,2025-02-17T10:02:46.158234
1695410352,mansukh965,0,0,,False,2025-02-17T10:03:08.753368
5025329666,I_am_kareemm,0,0,,False,2025-02-17T10:03:23.583903
1020984121,mansor_bolet,0,0,,False,2025-02-17T10:04:12.036894
5805765509,Adam0068,0,0,,False,2025-02-17T10:04:13.837638
6529306259,Ahmad1368joon,0,0,,False,2025-02-17T10:04:33.954819
476143175,Nasimm555,0,0,,False,2025-02-17T10:05:04.914609
6904440475,Abu_Bakr_Adamu,0,0,,False,2025-02-17T10:05:32.722971
5302063679,hajasad1002,0,0,,False,2025-02-17T10:06:18.576804
6537491797,,0,0,,False,2025-02-17T10:06:38.857057
6039492115,UzumakiNarutoGarcia,0,0,,False,2025-02-17T10:06:55.731984
7830312967,,0,0,,False,2025-02-17T10:07:56.192701
7778169590,,0,0,,False,2025-02-17T10:07:57.499829
7043452960,hamidu2244,0,0,,False,2025-02-17T10:09:03.868814
7395569264,asdas22ds,0,0,,False,2025-02-17T10:09:28.370936
6142250357,samiMarechal,0,1000,4xx9VBMWQEbiemP9hEcWtVGA4YBMq5zfeDqJL8XvBE3h,True,2025-02-17T10:09:36.718240
5525053349,ABULABKASI,0,0,,False,2025-02-17T10:09:54.293109
1448199952,AlexanEnjoy28,0,0,,False,2025-02-17T10:10:01.826606
7331089800,kazandr3333,0,0,,False,2025-02-17T10:10:38.391211
6038595225,neckle09,0,0,,False,2025-02-17T10:11:02.571040
6713642583,,0,0,,False,2025-02-17T10:11:46.635434
6388047316,FESTIN4REAL,0,0,,False,2025-02-17T10:12:13.818583
359421672,Gechacha1,0,0,,False,2025-02-17T10:12:17.328805
5528073967,,0,0,,False,2025-02-17T10:12:25.866470
6413547270,gdgfhcuhdhc,0,0,,False,2025-02-17T10:12:30.201838
5710481140,Zoleykhaabdi,0,0,,False,2025-02-17T10:12:47.912528
1901907383,EvelynChukwu54,0,0,,False,2025-02-17T10:13:09.462923
7270311542,,0,0,,False,2025-02-17T10:14:12.033417
7031320193,Parastshkia,0,0,,False,2025-02-17T10:16:01.058170
7489446186,Bahir99,0,0,,False,2025-02-17T10:16:08.702472
297771057,azinkvn,0,0,,False,2025-02-17T10:17:53.041425
1171414721,Shasayjee,0,0,,False,2025-02-17T10:18:02.022506
1387524972,dk_aggarwal,0,0,,False,2025-02-17T10:18:18.743063
5873244658,ZeeshanAshraf41244,0,0,,False,2025-02-17T10:18:21.766216
7378200199,Aysad0146,0,1000,EaNyve7FoAPb9EeKJLmsoMz2f9zxxpGb2Jmqeg4PVRtQ,True,2025-02-17T10:18:22.605157
7105707300,aylin6712,0,0,,False,2025-02-17T10:19:02.533072
7065097248,Walidaminu,0,0,,False,2025-02-17T10:19:35.012532
6168984294,Ibrahimumarmuhd,0,0,,False,2025-02-17T10:19:49.066016
976164363,Alizahk,0,0,,False,2025-02-17T10:21:24.914471
7255741161,sajib821,0,0,,False,2025-02-17T10:21:34.002876
6823461097,Sumee1992,0,0,,False,2025-02-17T10:22:10.034352
7128603383,bilalriax,0,0,,False,2025-02-17T10:22:34.369754
808339744,erakgud,0,0,,False,2025-02-17T10:22:37.075684
86608045,Reza378k,0,0,,False,2025-02-17T10:23:12.734105
7043748400,Yusufawal4252,0,0,,False,2025-02-17T10:23:19.567693
505236407,Badaksh1111,0,0,,False,2025-02-17T10:23:57.269940
6075275225,Q_Q_Lord_TAPX,0,0,,False,2025-02-17T10:24:11.151668
6889559767,Sadikul0220,0,0,,False,2025-02-17T10:24:21.911598
6921194415,Koyar121232,0,0,,False,2025-02-17T10:26:05.617847
6019598953,,0,0,,False,2025-02-17T10:26:06.260726
7165434775,Tobi4Gezz,0,0,,False,2025-02-17T10:27:30.934971
7411005117,Mu8426,0,0,,False,2025-02-17T10:28:37.970532
6755639671,Umarmalam1234,0,0,,False,2025-02-17T10:28:44.673400
7394087092,Armin82italia,0,0,,False,2025-02-17T10:29:10.184724
7781425311,YFToL1389,0,0,,False,2025-02-17T10:30:23.151875
1070283350,bagher1356,0,0,,False,2025-02-17T10:30:51.577676
5132659175,mahyarmlzm,0,0,,False,2025-02-17T10:31:23.916921
7532434343,,0,0,,False,2025-02-17T10:31:37.975627
5139708425,,0,0,,False,2025-02-17T10:32:38.590981
1064473993,UCJent,0,0,,False,2025-02-17T10:32:45.377242
7420585208,Faride_1348,0,0,,False,2025-02-17T10:33:04.276219
5380309949,Ali27332733,0,0,,False,2025-02-17T10:35:15.042932
7617162520,,0,0,,False,2025-02-17T10:36:37.312080
6872478714,godwin3450,0,0,,False,2025-02-17T10:37:46.988793
7122752792,Sbh1351,0,0,,False,2025-02-17T10:38:24.262216
7028331317,,0,0,,False,2025-02-17T10:38:50.741306
7176085266,Shayan5681,0,0,,False,2025-02-17T10:39:28.866336
1962857488,Nkygeorge24,0,0,,False,2025-02-17T10:39:38.670525
6354406194,Mohamad80990,0,0,,False,2025-02-17T10:40:44.391618
6866777217,Yahayajarumi,0,0,,False,2025-02-17T10:43:01.680938
7009990354,Minimuturi,0,0,,False,2025-02-17T10:43:34.123278
103744590,hareb1365,0,0,,False,2025-02-17T10:43:36.191241
7223688360,Demo12035,0,0,,False,2025-02-17T10:44:30.250302
7444440494,candyshow39,0,0,,False,2025-02-17T10:44:35.057400
7061952354,ORMANABI,0,0,,False,2025-02-17T10:45:03.397497
5186875253,HANIIL8,0,0,,False,2025-02-17T10:45:20.599564
778441301,JxtcalmeFamous,0,0,,False,2025-02-17T10:45:25.827669
1403844059,Damos27,0,0,,False,2025-02-17T10:45:58.840425
6427163627,,0,0,,False,2025-02-17T10:46:19.445852
5445560763,Ariyan_jalaei,0,0,,False,2025-02-17T10:48:08.398904
7253294201,me2400,0,0,,False,2025-02-17T10:48:30.023635
6259223329,Rezagolipo,0,0,,False,2025-02-17T10:48:41.344483
7118682798,M_Falahi73,0,0,,False,2025-02-17T10:49:31.295718
7336467020,Tagoldbob,0,0,,False,2025-02-17T10:50:14.544267
6188202688,Aleks25nik,0,0,,False,2025-02-17T10:51:09.961570
5920250163,Agees64,0,0,,False,2025-02-17T10:51:20.780940
273579947,hossein789456,0,0,,False,2025-02-17T10:51:47.096821
6982922740,Hamed3409,0,0,,False,2025-02-17T10:53:04.007639
926926015,Gastk3588,0,0,,False,2025-02-17T10:53:18.239810
7359848517,Mdanbab,0,0,,False,2025-02-17T10:53:27.488453
472654146,saraabasi22,0,0,,False,2025-02-17T10:54:07.640322
5291352337,masum03699,0,0,,False,2025-02-17T10:54:14.249179
8091100649,,0,0,,False,2025-02-17T10:54:20.374992
7374173620,,0,0,,False,2025-02-17T10:54:48.329582
1405306893,masoudKhoshkbarchi,0,0,,False,2025-02-17T10:55:08.217209
5348074871,Jafarbashiiri,0,0,,False,2025-02-17T10:55:25.969009
6845237012,Anaummi,0,0,,False,2025-02-17T10:55:43.586845
169562137,Zeidvand,0,0,,False,2025-02-17T10:56:18.611056
7508403106,Amana_Mitiku,0,0,,False,2025-02-17T10:57:48.701247
7834171299,abuaminusfn,0,0,,False,2025-02-17T10:57:49.221922
5576584465,Moka123367,0,0,,False,2025-02-17T10:58:47.262839
5899269629,Halima2722,0,0,,False,2025-02-17T10:59:16.909311
6416994134,Depulzzx,0,1000,0x6E216FcAE09636CaFd55C9a737d880C4Eb06db0f,True,2025-02-17T10:59:36.774096
676953423,CptSK,0,0,,False,2025-02-17T10:59:38.942935
6757256833,Kalamulwuddu,0,0,,False,2025-02-17T10:59:54.642786
7490961825,,0,0,,False,2025-02-17T11:00:04.921603
5623382049,Alizade_sh1360,0,0,,False,2025-02-17T11:00:12.915514
7054973225,DanAlhaji144,0,0,,False,2025-02-17T11:00:16.541395
7164548942,Dujima1,0,0,,False,2025-02-17T11:02:07.499458
7053533638,,0,0,,False,2025-02-17T11:02:13.522014
7355331874,,0,0,,False,2025-02-17T11:02:49.597670
1883978133,Ojukwu21,0,0,,False,2025-02-17T11:03:09.187411
598760173,veronich88,0,0,,False,2025-02-17T11:03:11.332994
407448671,HOSEYNPOR12,0,0,,False,2025-02-17T11:03:35.345473
90856432,mehdiabdolmaleki1990,0,0,,False,2025-02-17T11:03:51.901166
7460270832,AAUREBAH,0,0,,False,2025-02-17T11:06:39.782500
7193928845,Raqabu,0,0,,False,2025-02-17T11:07:35.422199
7131422181,Aneka1O,0,0,,False,2025-02-17T11:07:57.894871
145017399,Amirseidafkan,0,0,,False,2025-02-17T11:08:55.538083
7010724146,,0,0,,False,2025-02-17T11:10:10.958815
6960519174,Amikhteh72,0,0,,False,2025-02-17T11:10:23.399130
7317854180,,0,0,,False,2025-02-17T11:11:28.109965
7223216334,Zanacivan,0,0,,False,2025-02-17T11:12:01.652578
7171272474,Nazlinemati,0,0,,False,2025-02-17T11:12:08.595782
5906171800,Saidu1988,0,0,,False,2025-02-17T11:13:19.804732
7465662091,,0,0,,False,2025-02-17T11:13:48.813027
7143267904,MosesOgah,0,0,,False,2025-02-17T11:13:50.348906
813458125,Svetik1007,0,0,,False,2025-02-17T11:14:00.433293
6698536557,GamzeSyn,0,0,,False,2025-02-17T11:14:33.917259
818634102,yakarim30,0,0,,False,2025-02-17T11:14:34.440012
7174352925,Adubayaro84,0,0,,False,2025-02-17T11:14:40.682165
7437333878,Mustaphamustaphaz,0,0,,False,2025-02-17T11:14:46.479042
6133390052,tyni111,0,0,,False,2025-02-17T11:15:27.842689
72324546,Masomh8606,0,0,,False,2025-02-17T11:16:12.545076
6920670627,waqifkhan65,0,0,,False,2025-02-17T11:16:34.931935
7125356716,,0,0,,False,2025-02-17T11:17:13.443685
6910496085,samadnejad123,0,0,,False,2025-02-17T11:17:18.020810
2134741915,NourollahMoradzadeh,0,0,,False,2025-02-17T11:17:25.857861
5864647574,Ahadkhan02,0,0,,False,2025-02-17T11:18:24.110198
6255883204,erfan_naderkhani,0,0,,False,2025-02-17T11:18:39.748924
7660512019,,0,0,,False,2025-02-17T11:18:40.437755
7540120275,Ngayo123,0,0,,False,2025-02-17T11:18:42.707623
5039103128,Far3877,0,0,,False,2025-02-17T11:19:14.454748
92200738,saata,0,0,,False,2025-02-17T11:19:47.698916
2055810269,Yahayaidah,0,0,,False,2025-02-17T11:19:54.235287
6293446714,,0,0,,False,2025-02-17T11:20:16.810252
5723178730,alkali_bawa,0,0,,False,2025-02-17T11:20:32.154958
218773187,siamaksaadati,0,0,,False,2025-02-17T11:20:42.790375
6318019816,hamidnazarij,0,0,,False,2025-02-17T11:21:09.180892
125506343,mr776,0,0,,False,2025-02-17T11:21:39.998725
5320048995,Wendri97,0,1000,8tiAaygPt4t1adyJw9Vpor4XX1mnqQwZmDTCPs9B9yV5,True,2025-02-17T11:21:58.745923
6720420712,Hammed5500,0,0,,False,2025-02-17T11:22:31.958713
6976968008,Jhrd0949,0,0,,False,2025-02-17T11:22:38.453567
70156008,Blankyth,0,1000,AdnHBVeJhucoYNtz8J87mAS8f8Jxgsqubgo3VAqTyGB9,True,2025-02-17T11:23:08.001507
7297990249,,0,0,,False,2025-02-17T11:23:20.408843
85720049,Plus_shahab,0,0,,False,2025-02-17T11:23:36.327847
5670521345,Prettiestmercy,0,0,,False,2025-02-17T11:23:40.076699
1299097227,sina_jm,0,0,,False,2025-02-17T11:23:54.605504
6954906779,Joshmilizer,0,0,,False,2025-02-17T11:24:45.764697
6959598323,talhakabir13185,0,0,,False,2025-02-17T11:25:04.373026
7412774169,,0,0,,False,2025-02-17T11:25:26.158197
7047747412,,0,0,,False,2025-02-17T11:25:28.465863
7265079960,Htuwalleh,0,0,,False,2025-02-17T11:25:42.026089
1873418040,nargesfarmaninf,0,0,,False,2025-02-17T11:26:08.218393
6922243787,Joycelovely80,0,0,,False,2025-02-17T11:26:13.207789
6939637939,Adamusale1234,0,0,,False,2025-02-17T11:27:19.486387
1391844277,,0,0,,False,2025-02-17T11:27:38.854042
5852509226,Sabolade78,0,0,,False,2025-02-17T11:28:03.324962
5826152730,,0,0,,False,2025-02-17T11:28:37.801223
6428270610,,0,0,,False,2025-02-17T11:28:53.665275
170189474,Batol3568,0,0,,False,2025-02-17T11:29:26.044871
7159919594,umarsbkr,0,0,,False,2025-02-17T11:29:43.433280
6920017996,Jikanyuguda5522,0,0,,False,2025-02-17T11:30:28.858120
6994018104,VuThanh1975,0,0,,False,2025-02-17T11:30:51.992367
798036306,asan13131313,0,0,,False,2025-02-17T11:31:32.562349
732374647,REZAVATANKHAH21,0,0,,False,2025-02-17T11:31:52.016232
5842537645,Cryptorrer,0,0,,False,2025-02-17T11:32:07.041540
93646287,retired_23,0,0,,False,2025-02-17T11:32:24.120353
115634917,afshinmajid,0,0,,False,2025-02-17T11:32:42.817224
6163297994,Samtra96,0,0,,False,2025-02-17T11:33:05.822411
7107001628,Trizzleashley,0,0,,False,2025-02-17T11:33:08.785198
7478297565,,0,0,,False,2025-02-17T11:33:24.383367
6833553171,Kulanatomist,0,0,,False,2025-02-17T11:35:00.680548
7345858881,,0,0,,False,2025-02-17T11:35:59.205621
7315514557,Umslowykk,0,0,,False,2025-02-17T11:36:08.995341
198457068,SSSamiraSS,0,0,,False,2025-02-17T11:37:44.785878
7283245427,Namamuguiwa,0,0,,False,2025-02-17T11:38:22.932061
147661588,ali_20502,0,0,,False,2025-02-17T11:38:50.336980
6414408586,Arezfar,0,0,,False,2025-02-17T11:39:36.879138
924920891,,0,0,,False,2025-02-17T11:41:09.051503
7110965544,Parviz_moghaddas31,0,0,,False,2025-02-17T11:43:02.897033
7048719931,Elaheh_Madadi,0,0,,False,2025-02-17T11:43:06.846125
1744107259,vietnguen_8,0,0,,False,2025-02-17T11:43:29.857607
6449622734,Adamukafinta2,0,0,,False,2025-02-17T11:43:55.318502
6807628521,Rqhina,0,0,,False,2025-02-17T11:43:58.968436
6440911677,Ahnadtorabi,0,0,,False,2025-02-17T11:44:15.122855
6496443996,Abuyuguda,0,0,,False,2025-02-17T11:48:37.750131
311907580,Setayesh680,0,0,,False,2025-02-17T11:52:05.902044
7526468341,,0,0,,False,2025-02-17T11:52:39.995528
5909615550,reyhaneh_rb,0,0,,False,2025-02-17T11:54:02.168364
7565523800,,0,0,,False,2025-02-17T11:54:16.612727
7446564750,Milyowens2,0,0,,False,2025-02-17T11:54:44.620350
7345946599,,0,0,,False,2025-02-17T11:55:20.942658
6776972119,Haruna6253,0,0,,False,2025-02-17T11:55:27.928216
1014276007,pramod80569,0,0,,False,2025-02-17T11:56:20.932034
7690641562,Sad_remy,0,0,,False,2025-02-17T11:58:23.956486
7978452496,,0,0,,False,2025-02-17T11:59:05.397993
5092443014,,0,0,,False,2025-02-17T12:00:17.955843
5328472094,lekim3891,0,0,,False,2025-02-17T12:00:26.329185
7317733677,Abdolghade,0,0,,False,2025-02-17T12:00:27.510966
1787706422,mahamadousenateur83,0,0,,False,2025-02-17T12:00:33.647015
6261213924,nurealam1985,0,0,,False,2025-02-17T12:00:36.610547
7113536644,,0,0,,False,2025-02-17T12:00:52.404034
6860342907,Papa2030,0,0,,False,2025-02-17T12:00:52.919507
6398879763,Afla2444,0,0,,False,2025-02-17T12:01:12.071464
7265378266,ebelenna,0,0,,False,2025-02-17T12:01:31.073214
6648850123,Sundayijag,0,0,,False,2025-02-17T12:01:41.758218
7123543255,Abukhadeey,0,0,,False,2025-02-17T12:01:58.543953
5361688674,Jenny122211,0,0,,False,2025-02-17T12:02:12.046784
5667323872,,0,0,,False,2025-02-17T12:04:13.845208
1825580626,TnimuBello1,0,0,,False,2025-02-17T12:04:55.658202
5110091095,hmc2406,0,0,,False,2025-02-17T12:05:28.320914
1474391529,Champion0581,0,0,,False,2025-02-17T12:05:28.878825
6415010311,Noorgul22,0,0,,False,2025-02-17T12:06:00.303679
1227234374,sumayyahadi,0,0,,False,2025-02-17T12:06:15.886733
7125645754,tryumar77,0,0,,False,2025-02-17T12:06:48.365136
91214914,Mehrnaz1960,0,0,,False,2025-02-17T12:08:11.894368
6756515721,,0,0,,False,2025-02-17T12:09:45.738398
7116208986,zatanyais,0,0,,False,2025-02-17T12:09:57.648462
268206830,Aliakbariii1362,0,0,,False,2025-02-17T12:09:58.548076
1294430725,,0,0,,False,2025-02-17T12:10:15.436744
7469359732,,0,0,,False,2025-02-17T12:10:21.665750
114266083,,0,0,,False,2025-02-17T12:10:41.008880
7964633306,,0,0,,False,2025-02-17T12:10:47.018880
7403714740,a4madd,0,0,,False,2025-02-17T12:20:02.638350
6967817640,Ibrahimabbati,0,0,,False,2025-02-17T12:40:35.440736
80281679,Alixy2024,0,0,,False,2025-02-17T12:41:40.594096
6569268874,Mohammed0391,0,1000,t1b2oNjdhXin8pjX8z661Wub6z7ydjDQfSM,True,2025-02-17T13:51:33.132017
7511623281,Khald0303,0,1000,t1b2oNjdhXin8pjX8z661Wub6z7ydjDQfSM,True,2025-02-17T13:52:44.565997
